{"cameraMode":{"drawMode":0,"name":"Shaded","section":"Shading Mode"},"sceneLighting":true,"audioPlay":false,"sceneViewState":{"m_AlwaysRefresh":false,"showFog":true,"showSkybox":true,"showFlares":true,"showImageEffects":true,"showParticleSystems":true,"showVisualEffectGraphs":true,"m_FxEnabled":true},"in2DMode":false,"pivot":{"x":202.42698669433595,"y":5.3932342529296879,"z":318.9884948730469},"rotation":{"x":0.14260485768318177,"y":-0.6536399722099304,"z":0.12726238369941712,"w":0.7323165535926819},"size":98.94429779052735,"orthographic":false}