{"cameraMode":{"drawMode":0,"name":"Shaded","section":"Shading Mode"},"sceneLighting":true,"audioPlay":false,"sceneViewState":{"m_AlwaysRefresh":false,"showFog":false,"showSkybox":true,"showFlares":true,"showImageEffects":true,"showParticleSystems":true,"showVisualEffectGraphs":true,"m_FxEnabled":true},"in2DMode":false,"pivot":{"x":6.3613786697387699,"y":3.92060923576355,"z":18.429821014404298},"rotation":{"x":-0.055057115852832797,"y":-0.06684880703687668,"z":0.0042165168561041359,"w":-0.9967005252838135},"size":4.20164680480957,"orthographic":false}